"FIPS code","State","County Name","Total: Disability Compensation Recipients","SCD rating: 0% to 20%","SCD rating: 30% to 40%","SCD rating: 50% to 60%","SCD rating: 70% to 90%","SCD rating: 100%","Age: 17-44","Age: 45-64","Age: 65 or older","Male","Female"
"01001","Alabama","Autauga","2,949","420","250","346","924","1,009","763","1,278","908","2,382","567"
"01003","Alabama","Baldwin","7,650","1,590","780","909","2,249","2,122","1,698","2,591","3,360","6,905","745"
"01005","Alabama","Barbour","646","102","48","75","207","214","108","240","298","564","82"
"01007","Alabama","Bibb","324","52","37","37","115","83","70","118","136","298","26"
"01009","Alabama","Blount","1,088","182","132","146","342","286","288","326","474","1,011","77"
"01011","Alabama","Bullock","223","36","21","32","58","76","51","73","99","190","33"
"01013","Alabama","Butler","501","89","45","52","141","174","86","193","222","440","61"
"01015","Alabama","Calhoun","3,669","604","361","400","1,174","1,130","660","1,221","1,788","3,211","457"
"01017","Alabama","Chambers","811","149","71","78","271","242","162","267","382","742","69"
"01019","Alabama","Cherokee","576","119","61","66","174","156","98","171","307","524","52"
"01021","Alabama","Chilton","925","162","76","104","285","298","234","310","381","826","99"
"01023","Alabama","Choctaw","284","48","31","32","87","86","47","110","127","240","44"
"01025","Alabama","Clarke","557","116","55","53","180","153","80","228","249","489","68"
"01027","Alabama","Clay","303","48","27","40","105","83","61","103","139","287","16"
"01029","Alabama","Cleburne","246","44","19","35","74","74","44","74","128","228","18"
"01031","Alabama","Coffee","4,257","495","344","415","1,221","1,782","1,052","1,930","1,275","3,623","634"
"01033","Alabama","Colbert","1,357","241","139","152","436","389","269","438","650","1,244","112"
"01035","Alabama","Conecuh","376","65","24","38","134","115","68","139","169","330","46"
"01037","Alabama","Coosa","332","54","32","47","94","105","66","103","163","287","45"
"01039","Alabama","Covington","1,097","222","109","144","348","274","230","329","538","979","118"
"01041","Alabama","Crenshaw","361","66","33","56","96","110","66","134","161","321","40"
"01043","Alabama","Cullman","1,828","312","215","194","557","550","538","592","698","1,657","171"
"01045","Alabama","Dale","2,975","433","285","338","879","1,040","645","1,130","1,200","2,507","468"
"01047","Alabama","Dallas","881","159","86","98","272","266","150","318","413","724","157"
"01049","Alabama","DeKalb","1,092","196","125","124","352","295","282","328","482","992","100"
"01051","Alabama","Elmore","3,795","535","352","456","1,138","1,314","859","1,614","1,322","3,162","633"
"01053","Alabama","Escambia","843","169","99","103","249","223","141","297","405","744","99"
"01055","Alabama","Etowah","2,401","460","250","287","780","624","503","752","1,146","2,188","211"
"01057","Alabama","Fayette","362","48","40","43","121","110","93","127","142","327","35"
"01059","Alabama","Franklin","391","56","50","49","123","113","102","124","165","357","33"
"01061","Alabama","Geneva","1,063","179","97","116","343","328","209","410","444","954","108"
"01063","Alabama","Greene","166","21","13","14","64","54","18","53","95","138","28"
"01065","Alabama","Hale","299","38","30","38","83","110","50","113","136","258","41"
"01067","Alabama","Henry","598","87","64","57","173","217","129","241","228","541","57"
"01069","Alabama","Houston","3,679","530","323","385","1,086","1,355","895","1,416","1,368","3,229","450"
"01071","Alabama","Jackson","989","168","104","119","294","304","229","315","445","905","84"
"01073","Alabama","Jefferson","11,464","1,966","1,169","1,352","3,466","3,511","2,490","4,007","4,967","9,711","1,751"
"01075","Alabama","Lamar","267","34","34","42","83","74","49","91","127","253","14"
"01077","Alabama","Lauderdale","2,074","394","223","225","628","604","472","620","982","1,886","188"
"01079","Alabama","Lawrence","540","100","56","56","177","151","118","179","243","505","35"
"01081","Alabama","Lee","5,822","687","388","530","1,638","2,579","1,672","2,490","1,660","4,955","866"
"01083","Alabama","Limestone","4,576","595","398","453","1,304","1,826","1,254","2,094","1,228","3,898","678"
"01085","Alabama","Lowndes","329","40","25","35","104","125","78","123","127","264","64"
"01087","Alabama","Macon","612","75","57","53","194","233","92","202","318","541","71"
"01089","Alabama","Madison","18,829","2,569","1,738","2,058","5,225","7,239","5,031","8,374","5,424","15,799","3,029"
"01091","Alabama","Marengo","454","70","36","45","158","145","88","178","188","380","74"
"01093","Alabama","Marion","529","75","53","65","176","160","120","184","225","495","34"
"01095","Alabama","Marshall","2,185","356","226","274","663","666","523","735","927","1,989","196"
"01097","Alabama","Mobile","10,124","2,207","1,068","1,296","2,922","2,631","2,172","3,589","4,363","8,848","1,273"
"01099","Alabama","Monroe","507","94","50","62","155","146","110","183","214","441","66"
"01101","Alabama","Montgomery","8,643","1,247","803","873","2,594","3,126","1,862","3,399","3,382","6,616","2,027"
"01103","Alabama","Morgan","2,612","460","303","334","781","734","705","908","999","2,337","275"
"01105","Alabama","Perry","213","33","14","19","63","84","31","92","90","190","23"
"01107","Alabama","Pickens","409","53","30","44","144","138","81","155","173","360","49"
"01109","Alabama","Pike","838","128","78","113","278","241","163","332","343","727","111"
"01111","Alabama","Randolph","507","107","56","61","143","140","87","153","267","456","51"
"01113","Alabama","Russell","4,239","350","234","302","1,176","2,177","1,271","1,944","1,024","3,321","918"
"01115","Alabama","St. Clair","2,139","415","219","253","613","639","550","712","877","1,902","237"
"01117","Alabama","Shelby","4,390","855","410","502","1,234","1,389","1,180","1,669","1,541","3,824","565"
"01119","Alabama","Sumter","208","23","24","23","77","61","29","86","93","178","30"
"01121","Alabama","Talladega","1,949","363","189","214","622","561","397","697","855","1,714","235"
"01123","Alabama","Tallapoosa","1,140","192","93","135","359","361","181","366","593","1,035","105"
"01125","Alabama","Tuscaloosa","4,150","584","383","417","1,373","1,393","1,048","1,525","1,577","3,523","627"
"01127","Alabama","Walker","1,287","234","125","185","401","342","273","417","597","1,187","100"
"01129","Alabama","Washington","383","83","45","41","117","97","63","123","197","357","26"
"01131","Alabama","Wilcox","179","30","24","23","53","49","30","69","80","155","24"
"01133","Alabama","Winston","481","102","38","57","150","134","92","174","215","452","28"
"02020","Alaska","Anchorage","11,012","1,976","1,311","1,565","3,323","2,837","3,693","4,190","3,129","9,250","1,761"
"02090","Alaska","Fairbanks North Star","4,671","725","546","591","1,505","1,304","1,907","1,837","927","3,928","742"
"02122","Alaska","Kenai Peninsula","1,830","424","196","215","534","461","393","619","818","1,639","191"
"02170","Alaska","Matanuska-Susitna","5,752","858","575","744","1,763","1,812","2,000","2,349","1,403","4,921","831"
"04001","Arizona","Apache","1,151","218","127","140","349","317","231","310","610","1,008","143"
"04003","Arizona","Cochise","8,672","1,426","961","1,044","2,535","2,706","1,769","3,345","3,558","7,318","1,353"
"04005","Arizona","Coconino","2,150","487","260","280","619","504","768","629","753","1,870","280"
"04007","Arizona","Gila","1,320","335","145","142","369","329","166","293","861","1,211","109"
"04013","Arizona","Maricopa","78,855","15,671","8,682","9,424","23,392","21,686","27,387","24,618","26,850","69,155","9,696"
"04015","Arizona","Mohave","6,819","1,412","740","771","1,994","1,902","1,087","1,650","4,082","6,265","553"
"04017","Arizona","Navajo","2,121","462","210","251","657","541","465","622","1,034","1,893","228"
"04019","Arizona","Pima","28,920","5,792","3,405","3,578","8,450","7,695","7,856","9,761","11,303","24,971","3,942"
"04021","Arizona","Pinal","12,664","2,510","1,371","1,498","3,904","3,381","3,935","3,638","5,091","11,171","1,491"
"04025","Arizona","Yavapai","8,155","1,823","932","954","2,202","2,244","1,545","1,958","4,652","7,399","756"
"04027","Arizona","Yuma","6,324","1,052","669","715","1,923","1,965","2,156","1,976","2,192","5,671","651"
"05007","Arkansas","Benton","5,517","997","563","678","1,751","1,528","1,856","1,805","1,856","4,917","600"
"05045","Arkansas","Faulkner","2,885","439","279","347","948","872","825","1,083","977","2,569","316"
"05051","Arkansas","Garland","2,395","459","244","299","751","642","453","806","1,136","2,131","264"
"05085","Arkansas","Lonoke","3,598","455","319","416","1,227","1,181","1,004","1,571","1,023","3,122","476"
"05119","Arkansas","Pulaski","11,096","1,646","1,130","1,252","3,632","3,436","2,591","4,069","4,436","9,247","1,846"
"05125","Arkansas","Saline","3,352","534","344","416","1,005","1,053","841","1,277","1,234","2,918","434"
"05131","Arkansas","Sebastian","2,860","469","290","364","927","810","711","1,023","1,126","2,593","267"
"05143","Arkansas","Washington","3,958","692","416","479","1,204","1,167","1,310","1,317","1,331","3,506","452"
"05145","Arkansas","White","2,065","315","201","252","679","618","484","761","820","1,848","217"
"06001","California","Alameda","10,203","2,196","1,143","1,238","2,911","2,715","3,321","2,698","4,184","9,039","1,162"
"06007","California","Butte","3,769","838","442","448","1,144","897","1,164","883","1,722","3,410","359"
"06013","California","Contra Costa","11,188","2,635","1,172","1,201","2,966","3,214","3,098","3,203","4,887","10,087","1,095"
"06017","California","El Dorado","3,767","1,024","422","406","1,032","883","882","961","1,924","3,437","330"
"06019","California","Fresno","12,882","3,248","1,250","1,455","3,856","3,073","4,153","3,353","5,376","11,773","1,109"
"06029","California","Kern","13,536","2,885","1,356","1,643","4,169","3,483","4,976","4,025","4,535","12,141","1,391"
"06031","California","Kings","4,195","907","399","455","1,261","1,173","1,516","1,450","1,229","3,578","617"
"06037","California","Los Angeles","73,230","14,766","6,642","7,628","23,053","21,141","27,690","21,670","23,870","65,647","7,568"
"06039","California","Madera","2,600","638","291","298","761","612","788","628","1,184","2,345","255"
"06047","California","Merced","3,020","750","297","360","933","680","1,018","676","1,326","2,750","270"
"06053","California","Monterey","5,683","1,125","645","678","1,729","1,506","1,430","1,692","2,561","4,995","688"
"06059","California","Orange","26,492","5,855","2,774","2,848","7,742","7,273","9,919","7,279","9,294","24,239","2,249"
"06061","California","Placer","8,796","2,028","985","1,005","2,458","2,320","2,508","2,562","3,726","7,946","847"
"06065","California","Riverside","50,395","8,265","3,947","4,573","14,001","19,609","17,234","17,382","15,779","44,647","5,739"
"06067","California","Sacramento","22,835","4,960","2,630","2,602","6,706","5,937","7,077","6,618","9,140","20,000","2,832"
"06071","California","San Bernardino","32,294","6,095","2,940","3,268","9,875","10,116","11,939","9,483","10,872","28,898","3,393"
"06073","California","San Diego","98,159","15,874","9,364","10,303","27,264","35,354","37,669","33,812","26,678","84,275","13,882"
"06075","California","San Francisco","4,333","903","431","420","1,259","1,320","1,628","1,146","1,559","3,816","515"
"06077","California","San Joaquin","9,131","1,843","906","1,060","2,745","2,577","2,791","2,658","3,682","8,215","916"
"06079","California","San Luis Obispo","4,461","1,236","507","499","1,132","1,087","1,022","1,157","2,282","4,086","373"
"06081","California","San Mateo","4,240","933","442","449","1,141","1,275","1,327","1,150","1,763","3,849","390"
"06083","California","Santa Barbara","6,034","1,386","640","655","1,695","1,658","1,808","1,727","2,499","5,394","639"
"06085","California","Santa Clara","9,813","2,064","1,090","1,146","2,887","2,626","3,335","2,499","3,979","8,915","898"
"06089","California","Shasta","4,575","1,014","508","574","1,359","1,120","1,167","1,110","2,298","4,139","436"
"06095","California","Solano","13,981","2,828","1,450","1,529","3,744","4,430","3,227","4,420","6,333","12,062","1,918"
"06097","California","Sonoma","5,304","1,331","531","531","1,456","1,455","1,222","1,272","2,810","4,784","519"
"06099","California","Stanislaus","6,048","1,382","639","700","1,852","1,475","2,002","1,478","2,568","5,516","532"
"06107","California","Tulare","5,929","1,657","620","713","1,727","1,212","1,935","1,546","2,448","5,478","450"
"06111","California","Ventura","12,095","2,437","1,168","1,285","3,474","3,731","3,836","3,663","4,596","10,923","1,170"
"06113","California","Yolo","2,563","674","273","305","686","625","792","769","1,002","2,245","318"
"06115","California","Yuba","2,546","455","262","281","813","735","937","799","810","2,158","388"
"08001","Colorado","Adams","7,698","1,590","978","1,022","2,396","1,712","3,220","2,164","2,314","6,701","997"
"08005","Colorado","Arapahoe","12,060","2,471","1,612","1,679","3,490","2,808","4,436","3,772","3,852","10,209","1,850"
"08031","Colorado","Denver","7,684","1,557","996","1,096","2,251","1,784","3,430","1,966","2,288","6,552","1,131"
"08035","Colorado","Douglas","7,654","1,502","948","1,074","2,225","1,905","2,867","2,930","1,857","6,685","967"
"08041","Colorado","El Paso","52,489","7,178","5,463","6,562","16,118","17,168","20,354","20,062","12,073","43,291","9,195"
"08059","Colorado","Jefferson","8,678","2,081","1,245","1,176","2,365","1,811","3,001","2,410","3,267","7,642","1,034"
"08069","Colorado","Larimer","6,780","1,765","875","884","1,826","1,430","2,512","1,734","2,534","5,992","786"
"08077","Colorado","Mesa","5,370","1,622","680","650","1,327","1,091","1,313","1,531","2,526","4,820","550"
"08101","Colorado","Pueblo","5,446","881","522","624","1,735","1,684","1,627","1,638","2,181","4,798","648"
"08123","Colorado","Weld","6,067","1,394","753","805","1,752","1,363","2,421","1,731","1,915","5,389","678"
"10001","Delaware","Kent","7,050","1,148","733","882","2,275","2,012","1,646","2,736","2,667","5,860","1,189"
"10003","Delaware","New Castle","7,491","1,475","841","890","2,352","1,933","1,871","2,566","3,054","6,422","1,069"
"10005","Delaware","Sussex","4,953","1,081","567","615","1,453","1,237","834","1,294","2,825","4,390","561"
"11001","District Of Columbia","District Of Columbia","7,384","1,294","828","925","2,196","2,141","2,824","2,496","2,064","5,925","1,459"
"12005","Florida","Bay","10,325","1,911","1,063","1,120","2,872","3,359","2,378","4,180","3,767","8,811","1,514"
"12009","Florida","Brevard","29,014","5,240","2,806","3,196","8,600","9,172","6,905","10,593","11,516","25,088","3,924"
"12011","Florida","Broward","21,025","3,755","2,044","2,223","6,388","6,615","6,942","7,408","6,675","18,035","2,984"
"12019","Florida","Clay","15,187","2,321","1,351","1,593","4,165","5,757","3,754","6,801","4,632","12,637","2,550"
"12031","Florida","Duval","37,487","6,337","3,750","4,042","10,977","12,381","11,403","15,449","10,635","30,566","6,918"
"12033","Florida","Escambia","17,646","3,425","1,910","2,067","5,277","4,967","4,208","6,711","6,727","14,800","2,845"
"12053","Florida","Hernando","7,595","1,302","763","794","2,376","2,360","1,765","2,306","3,524","6,692","903"
"12057","Florida","Hillsborough","42,212","6,195","3,889","4,503","11,680","15,945","12,488","17,487","12,237","34,923","7,287"
"12069","Florida","Lake","12,521","2,567","1,222","1,358","3,642","3,732","2,755","3,779","5,987","11,165","1,355"
"12071","Florida","Lee","14,600","3,397","1,615","1,702","4,155","3,731","3,292","4,028","7,280","13,222","1,377"
"12081","Florida","Manatee","9,340","1,913","979","1,049","2,623","2,776","2,139","2,981","4,220","8,274","1,066"
"12083","Florida","Marion","12,993","2,640","1,352","1,457","3,748","3,796","2,659","3,656","6,678","11,511","1,482"
"12086","Florida","Miami-Dade","17,755","2,968","1,611","1,724","5,557","5,895","6,579","6,026","5,150","15,609","2,145"
"12091","Florida","Okaloosa","20,103","3,402","2,057","2,222","5,659","6,763","5,630","8,408","6,065","16,695","3,408"
"12095","Florida","Orange","25,427","4,095","2,405","2,654","7,639","8,634","8,395","9,050","7,982","21,673","3,751"
"12097","Florida","Osceola","10,041","1,258","784","962","3,007","4,030","3,135","3,781","3,125","8,677","1,363"
"12099","Florida","Palm Beach","16,795","3,435","1,681","1,846","4,851","4,982","4,488","4,954","7,353","14,991","1,801"
"12101","Florida","Pasco","19,524","3,306","1,862","2,079","5,578","6,699","5,469","6,865","7,190","16,868","2,656"
"12103","Florida","Pinellas","22,567","4,501","2,485","2,553","6,662","6,366","5,341","7,363","9,863","19,522","3,045"
"12105","Florida","Polk","18,998","3,594","1,881","2,078","5,605","5,840","5,046","6,145","7,807","16,541","2,454"
"12109","Florida","St. Johns","10,745","1,741","976","1,120","2,788","4,120","2,928","4,519","3,298","9,252","1,492"
"12111","Florida","St. Lucie","8,864","1,770","764","960","2,711","2,659","2,210","2,705","3,949","7,758","1,106"
"12113","Florida","Santa Rosa","16,434","2,620","1,618","1,761","4,707","5,728","4,347","7,609","4,478","13,884","2,550"
"12115","Florida","Sarasota","8,882","2,130","992","1,020","2,400","2,340","1,624","2,256","5,002","8,125","755"
"12117","Florida","Seminole","9,847","1,940","1,022","1,125","2,890","2,870","3,134","3,216","3,497","8,561","1,286"
"12127","Florida","Volusia","18,805","4,302","1,890","2,024","5,247","5,342","4,441","5,387","8,977","16,727","2,077"
"13051","Georgia","Chatham","10,532","1,384","1,023","1,146","3,495","3,484","4,012","3,746","2,774","8,419","2,113"
"13067","Georgia","Cobb","13,189","2,318","1,316","1,480","4,025","4,050","4,011","5,002","4,176","10,789","2,400"
"13073","Georgia","Columbia","11,981","1,123","922","1,181","3,520","5,235","4,020","5,379","2,582","9,066","2,914"
"13089","Georgia","DeKalb","12,764","2,251","1,226","1,362","4,091","3,834","3,584","4,681","4,499","9,999","2,763"
"13121","Georgia","Fulton","15,316","2,354","1,451","1,564","4,804","5,143","5,119","5,720","4,477","11,969","3,345"
"13135","Georgia","Gwinnett","13,893","2,161","1,251","1,473","4,369","4,639","4,520","5,761","3,612","11,116","2,775"
"13151","Georgia","Henry","10,929","1,318","755","938","3,257","4,661","2,884","5,198","2,847","8,148","2,781"
"13153","Georgia","Houston","12,356","1,596","988","1,277","3,729","4,766","3,282","5,571","3,503","9,780","2,576"
"13179","Georgia","Liberty","7,306","609","505","636","2,426","3,130","2,804","2,863","1,639","5,468","1,837"
"13215","Georgia","Muscogee","11,800","1,280","806","1,020","3,440","5,254","3,096","4,585","4,119","9,371","2,427"
"13245","Georgia","Richmond","10,530","1,157","906","1,050","3,451","3,966","2,781","3,753","3,996","7,867","2,663"
"15003","Hawaii","Honolulu","31,679","5,877","3,393","3,857","8,933","9,619","9,968","11,553","10,158","27,028","4,647"
"16001","Idaho","Ada","13,151","2,830","1,666","1,798","3,942","2,915","4,267","4,305","4,579","11,656","1,492"
"17031","Illinois","Cook","32,786","5,790","3,320","3,635","10,907","9,134","10,928","9,573","12,284","28,585","4,198"
"17097","Illinois","Lake","9,623","1,588","1,002","1,074","3,172","2,787","4,187","2,760","2,676","8,092","1,530"
"17163","Illinois","St. Clair","11,766","1,638","1,133","1,220","3,826","3,949","3,001","5,494","3,271","9,433","2,332"
"17197","Illinois","Will","7,061","1,231","685","777","2,302","2,066","2,279","2,231","2,551","6,287","774"
"18003","Indiana","Allen","6,550","2,073","825","883","1,526","1,243","1,894","1,936","2,720","5,937","609"
"18089","Indiana","Lake","6,346","1,216","739","768","2,024","1,599","1,648","2,075","2,623","5,695","650"
"18097","Indiana","Marion","13,033","3,464","1,722","1,646","3,591","2,610","3,510","4,256","5,267","11,309","1,724"
"19153","Iowa","Polk","7,965","2,131","1,057","1,037","1,958","1,782","2,212","2,475","3,278","7,175","788"
"20061","Kansas","Geary","3,306","333","250","365","1,181","1,177","1,429","1,236","641","2,650","656"
"20091","Kansas","Johnson","7,127","1,553","872","884","2,104","1,714","2,312","2,225","2,590","6,419","708"
"20103","Kansas","Leavenworth","4,767","775","522","579","1,412","1,479","1,046","2,106","1,615","4,074","692"
"20173","Kansas","Sedgwick","10,177","2,018","1,128","1,245","2,993","2,793","3,268","3,488","3,421","8,964","1,212"
"21047","Kentucky","Christian","3,825","558","393","407","1,335","1,132","1,791","1,247","787","3,198","627"
"21093","Kentucky","Hardin","8,140","1,124","774","929","2,397","2,916","1,647","3,824","2,669","6,799","1,341"
"21111","Kentucky","Jefferson","10,868","2,810","1,527","1,471","2,859","2,201","2,503","3,778","4,587","9,517","1,350"
"22015","Louisiana","Bossier","5,963","806","517","717","1,871","2,052","1,593","2,585","1,784","4,956","1,006"
"22017","Louisiana","Caddo","5,639","948","508","731","1,813","1,639","1,274","2,164","2,201","4,736","903"
"22033","Louisiana","East Baton Rouge","6,382","1,431","660","668","1,923","1,700","1,684","2,132","2,566","5,451","931"
"22051","Louisiana","Jefferson","5,900","1,212","627","722","1,778","1,561","1,351","2,099","2,450","5,073","827"
"22071","Louisiana","Orleans","5,436","995","540","640","1,762","1,499","1,229","1,962","2,245","4,595","841"
"22103","Louisiana","St. Tammany","7,061","1,345","612","799","2,173","2,132","1,907","2,718","2,436","6,111","950"
"22115","Louisiana","Vernon","3,476","425","256","331","998","1,466","1,182","1,387","907","2,915","561"
"23005","Maine","Cumberland","5,037","1,057","618","593","1,590","1,179","1,234","1,559","2,244","4,503","532"
"24003","Maryland","Anne Arundel","19,277","2,753","2,046","2,352","5,682","6,444","6,597","8,278","4,402","14,904","4,372"
"24005","Maryland","Baltimore","10,064","1,919","1,106","1,268","2,899","2,872","2,837","3,649","3,578","8,391","1,671"
"24017","Maryland","Charles","8,768","1,005","759","852","2,427","3,725","2,223","4,636","1,909","6,432","2,336"
"24021","Maryland","Frederick","5,865","1,007","606","727","1,739","1,786","2,006","2,346","1,513","4,882","983"
"24025","Maryland","Harford","6,682","1,032","659","788","1,885","2,318","1,739","2,827","2,116","5,608","1,073"
"24027","Maryland","Howard","5,521","889","644","692","1,560","1,736","1,961","2,367","1,192","4,289","1,231"
"24031","Maryland","Montgomery","10,228","1,764","1,277","1,190","2,960","3,037","3,306","3,970","2,952","8,070","2,157"
"24033","Maryland","Prince George's","22,973","3,058","2,000","2,345","6,389","9,181","5,427","9,903","7,643","17,414","5,555"
"24037","Maryland","St. Mary's","6,141","946","665","788","1,778","1,964","2,050","2,875","1,216","5,213","928"
"24510","Maryland","Baltimore City","6,691","1,318","742","839","1,985","1,807","2,005","2,238","2,448","5,460","1,229"
"25017","Massachusetts","Middlesex","12,971","3,403","1,673","1,569","3,553","2,773","3,910","3,026","6,035","11,857","1,112"
"25023","Massachusetts","Plymouth","9,040","2,400","911","986","2,482","2,261","2,280","2,241","4,519","8,362","676"
"25027","Massachusetts","Worcester","10,758","2,730","1,246","1,288","3,070","2,424","3,188","2,894","4,676","9,807","950"
"26049","Michigan","Genesee","6,202","1,551","758","692","1,763","1,438","1,468","1,883","2,851","5,657","542"
"26081","Michigan","Kent","6,565","1,242","756","855","2,039","1,673","2,230","1,641","2,694","5,906","659"
"26099","Michigan","Macomb","10,725","2,428","1,344","1,355","3,030","2,568","2,658","3,230","4,837","9,692","1,031"
"26125","Michigan","Oakland","11,507","2,725","1,467","1,430","3,121","2,764","3,009","3,185","5,312","10,410","1,095"
"26163","Michigan","Wayne","17,379","4,270","2,176","2,092","4,942","3,899","4,021","5,249","8,108","15,541","1,835"
"27003","Minnesota","Anoka","6,857","2,760","922","702","1,414","1,059","1,615","1,651","3,591","6,324","520"
"27037","Minnesota","Dakota","8,156","2,938","1,092","932","1,803","1,391","1,998","2,240","3,918","7,363","783"
"27053","Minnesota","Hennepin","12,911","4,827","1,728","1,463","2,715","2,178","3,304","2,951","6,655","11,656","1,226"
"27123","Minnesota","Ramsey","5,727","2,110","768","680","1,245","924","1,403","1,270","3,054","5,171","547"
"27137","Minnesota","St. Louis","5,704","2,096","693","642","1,230","1,043","960","1,568","3,176","5,259","417"
"28033","Mississippi","DeSoto","4,706","778","414","510","1,498","1,506","1,395","1,874","1,437","3,993","713"
"28047","Mississippi","Harrison","10,759","1,723","1,016","1,251","3,239","3,530","2,614","4,302","3,843","8,819","1,940"
"28049","Mississippi","Hinds","4,039","655","385","432","1,334","1,233","782","1,522","1,735","3,362","677"
"28059","Mississippi","Jackson","5,418","883","555","637","1,699","1,644","1,343","2,242","1,833","4,563","855"
"29047","Missouri","Clay","4,689","915","549","571","1,523","1,131","1,562","1,475","1,652","4,200","488"
"29077","Missouri","Greene","5,884","1,421","716","717","1,798","1,232","1,692","1,795","2,397","5,292","592"
"29095","Missouri","Jackson","11,274","2,382","1,277","1,351","3,609","2,655","3,488","3,345","4,440","9,925","1,347"
"29099","Missouri","Jefferson","4,697","976","560","612","1,433","1,116","1,492","1,429","1,776","4,260","437"
"29169","Missouri","Pulaski","4,979","514","375","456","1,606","2,028","1,649","2,140","1,190","4,073","905"
"29183","Missouri","St. Charles","6,818","1,452","821","875","1,986","1,684","2,185","2,102","2,531","6,059","757"
"29189","Missouri","St. Louis","12,088","2,488","1,461","1,594","3,596","2,949","2,974","3,609","5,505","10,511","1,574"
"30013","Montana","Cascade","4,164","819","612","600","1,202","931","1,220","1,502","1,442","3,576","588"
"30111","Montana","Yellowstone","4,495","995","537","580","1,256","1,127","1,360","1,403","1,732","4,015","479"
"31055","Nebraska","Douglas","9,676","2,495","1,280","1,260","2,545","2,096","2,897","3,000","3,779","8,602","1,072"
"31109","Nebraska","Lancaster","7,032","2,141","827","859","1,637","1,568","1,794","1,950","3,288","6,343","685"
"31153","Nebraska","Sarpy","10,481","2,161","1,346","1,393","2,835","2,746","2,890","4,335","3,256","8,841","1,637"
"32003","Nevada","Clark","58,508","8,428","4,806","5,818","17,980","21,476","18,308","20,149","20,051","50,400","8,107"
"32031","Nevada","Washoe","10,542","2,202","1,086","1,158","3,063","3,033","3,074","3,081","4,387","9,434","1,107"
"33011","New Hampshire","Hillsborough","7,673","1,908","1,074","1,041","2,117","1,533","2,478","2,289","2,906","6,916","757"
"33015","New Hampshire","Rockingham","5,920","1,572","778","768","1,617","1,185","1,658","1,728","2,534","5,421","499"
"34005","New Jersey","Burlington","9,004","1,514","858","960","2,769","2,903","2,484","3,100","3,419","7,631","1,371"
"34007","New Jersey","Camden","5,912","1,084","555","639","1,836","1,798","1,726","1,794","2,392","5,204","708"
"34029","New Jersey","Ocean","8,069","1,932","838","864","2,330","2,105","1,672","1,755","4,642","7,598","469"
"35001","New Mexico","Bernalillo","15,993","2,895","1,575","1,806","5,306","4,411","3,980","5,487","6,526","13,879","2,114"
"35013","New Mexico","Dona Ana","5,529","803","471","586","1,902","1,767","1,550","1,841","2,138","4,888","640"
"35043","New Mexico","Sandoval","5,091","826","427","522","1,789","1,527","1,303","1,870","1,918","4,427","664"
"36029","New York","Erie","12,448","1,964","1,305","1,484","4,248","3,447","3,219","3,670","5,559","11,145","1,301"
"36047","New York","Kings","8,494","1,542","904","932","2,602","2,514","3,519","2,428","2,547","7,078","1,414"
"36055","New York","Monroe","8,064","1,895","985","969","2,354","1,861","2,354","2,190","3,520","7,247","817"
"36059","New York","Nassau","7,346","1,686","899","825","2,016","1,920","2,203","1,663","3,480","6,774","570"
"36081","New York","Queens","8,267","1,557","900","911","2,551","2,348","3,620","2,087","2,560","7,223","1,044"
"36103","New York","Suffolk","12,014","2,632","1,407","1,342","3,499","3,134","3,607","2,816","5,591","11,062","950"
"37051","North Carolina","Cumberland","32,059","2,621","1,930","2,622","9,517","15,369","10,326","12,678","9,054","24,866","7,190"
"37067","North Carolina","Forsyth","7,014","1,181","681","825","2,256","2,071","1,910","2,285","2,819","6,069","945"
"37081","North Carolina","Guilford","9,354","1,486","920","1,027","3,079","2,842","2,432","3,251","3,671","7,917","1,436"
"37085","North Carolina","Harnett","9,068","745","551","752","2,626","4,394","3,307","3,878","1,883","7,329","1,739"
"37119","North Carolina","Mecklenburg","16,696","2,456","1,480","1,743","5,335","5,682","5,945","5,648","5,103","13,468","3,226"
"37125","North Carolina","Moore","6,168","617","378","483","1,641","3,049","1,898","2,579","1,691","5,155","1,013"
"37133","North Carolina","Onslow","22,086","1,941","1,570","2,115","6,594","9,866","10,240","7,523","4,323","18,297","3,788"
"37183","North Carolina","Wake","19,154","2,954","1,919","2,210","5,944","6,127","6,975","6,895","5,284","15,993","3,159"
"37191","North Carolina","Wayne","5,808","836","541","640","1,840","1,951","1,449","2,147","2,212","4,893","915"
"39017","Ohio","Butler","5,980","1,836","784","757","1,528","1,075","1,610","1,777","2,593","5,484","495"
"39035","Ohio","Cuyahoga","15,046","3,577","1,867","1,860","4,225","3,517","3,854","4,374","6,818","13,183","1,863"
"39049","Ohio","Franklin","14,582","3,469","1,996","1,989","4,148","2,980","4,908","4,495","5,179","12,596","1,985"
"39057","Ohio","Greene","6,947","1,380","926","915","1,998","1,728","1,761","2,926","2,260","5,788","1,159"
"39061","Ohio","Hamilton","9,012","2,471","1,255","1,262","2,390","1,634","2,557","2,498","3,957","8,001","1,008"
"39093","Ohio","Lorain","5,575","1,335","738","715","1,579","1,208","1,530","1,727","2,318","4,997","577"
"39113","Ohio","Montgomery","12,417","2,575","1,599","1,699","3,667","2,877","3,299","4,590","4,528","10,507","1,910"
"39151","Ohio","Stark","6,204","1,420","809","737","1,835","1,403","1,694","1,862","2,648","5,594","610"
"39153","Ohio","Summit","7,101","1,696","881","929","2,015","1,580","2,079","2,038","2,984","6,321","780"
"40017","Oklahoma","Canadian","5,985","886","492","653","1,853","2,101","2,262","2,054","1,669","5,177","808"
"40027","Oklahoma","Cleveland","10,741","1,705","900","1,110","3,301","3,725","3,084","4,013","3,644","9,404","1,336"
"40031","Oklahoma","Comanche","10,461","920","649","745","2,880","5,267","2,874","4,304","3,283","8,807","1,654"
"40109","Oklahoma","Oklahoma","21,675","3,665","2,011","2,334","6,817","6,848","6,279","7,530","7,866","18,696","2,977"
"40143","Oklahoma","Tulsa","13,244","2,999","1,440","1,540","4,070","3,195","3,780","4,056","5,408","11,898","1,346"
"41005","Oregon","Clackamas","7,239","1,768","1,004","1,026","2,056","1,385","2,048","2,026","3,165","6,533","702"
"41029","Oregon","Jackson","6,350","1,435","744","785","1,910","1,476","1,427","1,817","3,106","5,750","600"
"41039","Oregon","Lane","8,333","1,671","923","1,054","2,564","2,121","2,238","2,169","3,926","7,420","911"
"41047","Oregon","Marion","5,802","1,311","795","827","1,775","1,094","1,683","1,706","2,413","5,155","646"
"41051","Oregon","Multnomah","8,939","2,066","1,253","1,237","2,684","1,699","3,128","2,557","3,254","7,724","1,214"
"41067","Oregon","Washington","8,925","2,061","1,254","1,298","2,545","1,767","3,189","2,606","3,130","7,911","1,012"
"42003","Pennsylvania","Allegheny","14,249","3,498","1,815","1,919","3,787","3,230","3,913","4,029","6,307","12,771","1,478"
"42017","Pennsylvania","Bucks","6,156","1,264","664","736","1,891","1,601","1,698","1,658","2,800","5,642","511"
"42029","Pennsylvania","Chester","5,604","1,155","555","644","1,708","1,542","1,471","1,567","2,566","5,102","502"
"42041","Pennsylvania","Cumberland","5,490","1,094","702","732","1,580","1,382","1,414","2,108","1,968","4,779","711"
"42049","Pennsylvania","Erie","5,311","1,403","601","620","1,475","1,212","1,337","1,577","2,397","4,823","487"
"42071","Pennsylvania","Lancaster","5,475","1,189","684","694","1,514","1,394","1,621","1,562","2,292","4,900","575"
"42079","Pennsylvania","Luzerne","5,090","1,130","531","635","1,502","1,292","1,117","1,448","2,525","4,659","431"
"42091","Pennsylvania","Montgomery","7,535","1,483","866","869","2,255","2,062","2,171","2,115","3,248","6,812","723"
"42101","Pennsylvania","Philadelphia","12,924","2,127","1,154","1,409","4,335","3,899","3,596","3,642","5,686","11,337","1,586"
"42129","Pennsylvania","Westmoreland","5,296","1,253","740","710","1,408","1,185","1,270","1,457","2,569","4,866","427"
"42133","Pennsylvania","York","7,601","1,540","895","977","2,205","1,984","2,308","2,689","2,604","6,696","904"
"44007","Rhode Island","Providence","7,775","1,909","937","1,046","2,224","1,659","2,281","1,973","3,521","7,110","665"
"45003","South Carolina","Aiken","5,544","807","577","665","1,785","1,710","1,612","2,019","1,913","4,678","865"
"45013","South Carolina","Beaufort","6,801","1,148","793","816","2,057","1,987","2,045","2,191","2,565","5,793","1,008"
"45015","South Carolina","Berkeley","12,046","1,828","1,227","1,567","3,900","3,524","4,095","4,479","3,472","10,000","2,043"
"45019","South Carolina","Charleston","10,261","1,927","1,222","1,319","3,155","2,638","2,879","3,367","4,015","8,815","1,446"
"45035","South Carolina","Dorchester","8,138","1,296","877","1,044","2,557","2,364","2,457","3,304","2,377","6,768","1,370"
"45045","South Carolina","Greenville","9,668","1,759","1,076","1,107","2,973","2,753","2,961","3,112","3,594","8,465","1,202"
"45051","South Carolina","Horry","12,060","2,226","1,119","1,318","3,584","3,813","2,230","3,691","6,138","10,806","1,252"
"45063","South Carolina","Lexington","9,171","1,306","809","1,032","2,781","3,243","2,802","3,434","2,935","7,872","1,299"
"45079","South Carolina","Richland","20,680","2,088","1,459","1,818","6,138","9,177","5,471","8,547","6,662","15,745","4,933"
"45083","South Carolina","Spartanburg","6,640","1,128","692","806","2,090","1,924","2,075","2,107","2,458","5,837","802"
"45085","South Carolina","Sumter","6,412","869","577","728","1,991","2,247","1,575","2,569","2,268","5,226","1,186"
"45091","South Carolina","York","6,184","943","614","683","1,930","2,014","1,817","2,201","2,166","5,403","781"
"47009","Tennessee","Blount","4,019","1,022","445","472","1,082","998","957","1,276","1,786","3,633","386"
"47037","Tennessee","Davidson","8,649","1,713","954","954","2,683","2,345","3,148","2,628","2,873","7,419","1,227"
"47065","Tennessee","Hamilton","7,033","1,365","745","866","2,176","1,881","1,855","2,340","2,838","6,311","722"
"47093","Tennessee","Knox","9,729","2,107","1,060","1,132","2,882","2,548","2,966","3,097","3,666","8,682","1,045"
"47125","Tennessee","Montgomery","23,053","2,124","1,507","2,030","7,262","10,130","9,311","9,322","4,420","18,559","4,494"
"47149","Tennessee","Rutherford","7,428","1,317","723","792","2,348","2,248","2,479","2,714","2,235","6,380","1,048"
"47157","Tennessee","Shelby","15,521","3,222","1,647","1,730","4,565","4,357","3,214","6,026","6,281","13,148","2,373"
"47163","Tennessee","Sullivan","4,616","1,003","511","550","1,368","1,184","998","1,499","2,119","4,254","362"
"47165","Tennessee","Sumner","4,300","817","464","506","1,294","1,219","1,385","1,463","1,452","3,827","473"
"47179","Tennessee","Washington","4,610","939","491","544","1,416","1,220","1,035","1,513","2,062","4,176","434"
"48027","Texas","Bell","39,929","3,466","2,611","3,424","12,216","18,212","14,270","17,085","8,573","30,829","9,099"
"48029","Texas","Bexar","95,255","12,377","7,672","8,978","28,075","38,153","30,180","37,519","27,556","76,906","18,341"
"48039","Texas","Brazoria","9,156","1,422","809","949","2,780","3,196","3,298","3,300","2,558","7,729","1,426"
"48061","Texas","Cameron","8,544","1,435","677","771","2,569","3,092","2,534","2,672","3,338","7,865","678"
"48085","Texas","Collin","16,767","2,644","1,646","1,928","4,855","5,694","6,811","6,008","3,948","14,350","2,416"
"48091","Texas","Comal","11,781","1,497","846","1,045","3,116","5,277","2,905","5,219","3,657","9,759","2,022"
"48113","Texas","Dallas","27,991","4,689","2,929","3,260","8,759","8,354","10,361","8,916","8,714","23,448","4,540"
"48121","Texas","Denton","17,525","2,815","1,794","2,007","5,308","5,601","6,935","6,382","4,208","15,079","2,444"
"48139","Texas","Ellis","6,506","808","514","677","1,900","2,607","2,392","2,614","1,500","5,339","11,66"
"48141","Texas","El Paso","30,865","3,391","2,122","2,728","9,931","12,693","12,210","10,753","7,902","26,574","4,290"
"48157","Texas","Fort Bend","12,986","1,916","1,028","1,306","3,855","4,881","4,701","4,865","3,420","10,845","2,141"
"48167","Texas","Galveston","8,038","1,478","729","933","2,406","2,492","2,676","2,842","2,520","7,013","1,021"
"48187","Texas","Guadalupe","14,384","1,422","956","1,236","3,921","6,849","3,948","6,744","3,692","11,379","3,005"
"48201","Texas","Harris","61,160","10,271","5,544","6,399","19,597","19,349","25,215","19,993","15,952","51,138","10,017"
"48209","Texas","Hays","6,519","979","587","715","1,993","2,245","2,624","2,049","1,846","5,633","885"
"48215","Texas","Hidalgo","12,178","2,191","984","1,127","3,671","4,205","3,713","3,783","4,682","11,236","941"
"48251","Texas","Johnson","5,089","730","488","585","1,463","1,823","1,969","1,754","1,366","4,363","726"
"48257","Texas","Kaufman","4,681","544","359","473","1,464","1,841","2,115","1,620","946","3,810","870"
"48303","Texas","Lubbock","5,790","1,132","617","747","1,799","1,495","1,982","1,812","1,996","5,176","614"
"48309","Texas","McLennan","7,144","1,134","695","816","2,247","2,252","2,152","2,299","2,693","6,290","854"
"48339","Texas","Montgomery","16,882","2,549","1,410","1,822","5,253","5,848","6,928","5,758","4,196","14,577","2,303"
"48355","Texas","Nueces","11,556","1,937","1,031","1,204","3,467","3,917","3,028","4,278","4,250","10,355","1,201"
"48367","Texas","Parker","6,174","967","539","642","1,816","2,210","2,189","2,384","1,601","5,426","748"
"48439","Texas","Tarrant","42,439","7,085","4,212","4,966","12,915","13,261","16,178","15,250","11,011","35,758","6,679"
"48441","Texas","Taylor","5,656","865","530","699","1,778","1,784","1,795","2,061","1,800","4,860","795"
"48453","Texas","Travis","17,427","3,157","1,788","1,987","5,402","5,093","7,473","5,325","4,629","14,865","2,561"
"48485","Texas","Wichita","5,379","867","536","621","1,582","1,773","1,584","1,972","1,823","4,618","761"
"48491","Texas","Williamson","17,801","2,561","1,655","1,857","5,513","6,215","7,255","6,178","4,368","15,003","2,795"
"49011","Utah","Davis","7,903","1,349","902","1,029","2,523","2,100","2,694","3,167","2,042","6,985","918"
"49035","Utah","Salt Lake","11,692","2,422","1,388","1,497","3,554","2,831","4,240","3,510","3,942","10,446","1,246"
"49049","Utah","Utah","5,341","908","584","667","1,761","1,421","2,145","1,645","1,550","4,924","417"
"49057","Utah","Weber","6,318","1,040","640","842","2,083","1,713","2,129","2,400","1,789","5,552","765"
"51041","Virginia","Chesterfield","10,811","1,480","1,063","1,138","3,129","4,001","2,778","4,842","3,191","8,678","2,132"
"51059","Virginia","Fairfax","28,220","4,622","3,408","3,547","7,627","9,016","8,203","12,792","7,225","22,928","5,290"
"51107","Virginia","Loudoun","8,346","1,454","990","975","2,227","2,700","2,759","3,991","1,596","7,111","1,233"
"51153","Virginia","Prince William","19,016","2,536","1,911","1,994","5,088","7,487","5,162","9,600","4,254","14,959","4,056"
"51177","Virginia","Spotsylvania","7,521","894","690","812","2,159","2,966","2,225","3,510","1,786","6,236","1,285"
"51179","Virginia","Stafford","12,753","1,347","1,046","1,266","3,408","5,686","3,674","6,790","2,289","10,245","2,508"
"51550","Virginia","Chesapeake City","17,037","1,816","1,482","1,901","4,912","6,926","5,273","7,965","3,799","13,219","3,815"
"51650","Virginia","Hampton City","9,344","1,280","919","1,116","2,810","3,219","3,000","3,504","2,840","6,900","2,444"
"51700","Virginia","Newport News City","9,151","1,251","912","1,121","2,773","3,094","2,910","3,667","2,574","6,958","2,193"
"51710","Virginia","Norfolk City","10,708","1,442","1,155","1,413","3,477","3,221","4,440","3,881","2,387","8,022","2,684"
"51800","Virginia","Suffolk City","7,343","694","561","728","2,111","3,249","2,325","3,591","1,427","5,446","1,896"
"51810","Virginia","Virginia Beach City","27,752","3,742","2,865","3,327","8,087","9,731","8,213","12,189","7,350","22,410","5,341"
"53005","Washington","Benton","4,160","1,063","526","540","1,156","875","1,334","1,257","1,569","3,783","375"
"53011","Washington","Clark","10,476","2,377","1,416","1,441","3,085","2,157","3,212","3,439","3,825","9,183","1,293"
"53029","Washington","Island","5,387","914","685","726","1,647","1,415","1,512","2,110","1,765","4,486","899"
"53033","Washington","King","21,599","4,999","2,993","2,855","6,267","4,485","8,239","6,457","6,903","18,856","2,738"
"53035","Washington","Kitsap","15,341","3,106","2,092","2,267","4,607","3,269","4,550","6,160","4,631","13,334","2,004"
"53053","Washington","Pierce","35,747","6,227","4,213","4,262","10,841","10,204","11,920","12,693","11,134","30,338","5,406"
"53061","Washington","Snohomish","12,801","2,906","1,708","1,769","3,835","2,583","4,493","4,338","3,970","11,281","1,516"
"53063","Washington","Spokane","15,426","3,403","1,894","2,054","4,318","3,757","4,112","5,291","6,023","13,509","1,916"
"53067","Washington","Thurston","15,129","2,256","1,542","1,715","4,651","4,965","5,094","5,645","4,390","12,713","2,414"
"54003","West Virginia","Berkeley","4,350","749","446","509","1,413","1,233","1,304","1,642","1,404","3,777","572"
"54039","West Virginia","Kanawha","3,478","755","373","405","1,019","926","708","1,150","1,620","3,231","246"
"55009","Wisconsin","Brown","4,325","1,008","619","586","1,275","837","1,339","1,262","1,724","3,852","473"
"55025","Wisconsin","Dane","6,131","1,551","879","816","1,587","1,298","1,898","1,797","2,436","5,366","763"
"55079","Wisconsin","Milwaukee","9,457","2,060","1,219","1,203","2,933","2,042","2,873","2,818","3,766","8,180","1,276"
"55133","Wisconsin","Waukesha","4,881","1,090","729","646","1,392","1,024","1,507","1,339","2,035","4,406","473"
"56021","Wyoming","Laramie","5,769","1,260","672","771","1,647","1,419","1,556","2,242","1,971","4,996","773"
"72000","Puerto Rico","Puerto Rico all counties","36,399","4,167","2,334","3,129","11,619","15,150","8,176","10,893","17,330","33,612","2,781"
