id,country_code,state,location,category,urgency,urgency_score,original_text,translated_text,channel,created_at
CR-IND-7694,IND,Karnataka,"Bengaluru, Karnataka",Roads & Public Transport,Medium,0.35,My area roads condition is very bad and the aged peoples and senior citizen are facing problems.,My area roads condition is very bad and the aged peoples and senior citizen are facing problems.,text,2026-09-25T04:42:13.668673Z
CR-IND-6161,IND,Uttar Pradesh,Varanasi Rural,Healthcare & Clinics,Medium,0.35,The local primary clinic in Varanasi has no electricity backup for pediatric vaccine storage.,The local primary clinic in Varanasi has no electricity backup for pediatric vaccine storage.,text,2026-09-25T04:51:08.797956Z
CR-IND-6417,IND,Bihar,Kishanganj Flood Basin,Roads & Public Transport,High,0.7,Bridge support collapse risk near river crossing in Bihar.,Bridge support collapse risk near river crossing in Bihar.,text,2026-09-25T04:51:08.852698Z
CR-IND-5476,IND,Uttar Pradesh,Varanasi Rural,Healthcare & Clinics,Medium,0.35,The local primary clinic in Varanasi has no electricity backup for pediatric vaccine storage.,The local primary clinic in Varanasi has no electricity backup for pediatric vaccine storage.,text,2026-09-25T04:54:49.760606Z
CR-IND-9341,IND,Bihar,Kishanganj Flood Basin,Roads & Public Transport,High,0.7,Bridge support collapse risk near river crossing in Bihar.,Bridge support collapse risk near river crossing in Bihar.,text,2026-09-25T04:54:49.808072Z
CR-IND-5405,IND,Uttar Pradesh,Varanasi Rural,Healthcare & Clinics,Medium,0.35,The local primary clinic in Varanasi has no electricity backup for pediatric vaccine storage.,The local primary clinic in Varanasi has no electricity backup for pediatric vaccine storage.,text,2026-09-25T05:54:18.272060Z
CR-IND-5960,IND,Bihar,Kishanganj Flood Basin,Roads & Public Transport,High,0.7,Bridge support collapse risk near river crossing in Bihar.,Bridge support collapse risk near river crossing in Bihar.,text,2026-09-25T05:54:18.319161Z
CR-IND-6357,IND,Uttar Pradesh,Varanasi Rural,Healthcare & Clinics,Medium,0.35,The local primary clinic in Varanasi has no electricity backup for pediatric vaccine storage.,The local primary clinic in Varanasi has no electricity backup for pediatric vaccine storage.,text,2026-09-25T05:55:28.095610Z
CR-IND-6945,IND,Bihar,Kishanganj Flood Basin,Roads & Public Transport,High,0.7,Bridge support collapse risk near river crossing in Bihar.,Bridge support collapse risk near river crossing in Bihar.,text,2026-09-25T05:55:28.137005Z
